driverId,name,ssn,location,certified,wage-plan
10,Austin Lopez,667-30-4061,"011 Norma Pass
Paulmouth, UT 09162",N,hours
11,Martin Taylor,637-65-3633,"PSC 3590, Box 5821
APO AE 12929",Y,miles
12,Tracy James,199-35-8170,"827 Ibarra Cliffs
Taylorside, RI 94593",Y,miles
13,Charles Melton,578-31-2914,"9368 Cole Walk
Adrianburgh, OK 22513",N,hours
14,Kenneth Garcia,831-52-7221,"70422 Kevin Forge
New Thomas, LA 38471",Y,hours
15,Jeffrey Sparks,048-32-9548,"90715 Owens Locks
Lake Heatherstad, AK 31065",N,miles
16,Joshua Wilson,267-79-2395,"1937 Jennifer Cliff
New Diana, KS 85184",N,miles
17,Shannon Marquez,043-38-9062,"3210 Curtis Expressway Apt. 557
East Kennethfort, LA 44109",Y,hours
18,Joseph Wheeler,198-43-4398,"USCGC Young
FPO AE 89094",Y,hours
19,Ryan Morris,322-66-5705,"43060 Shaffer Mountains
Timside, ID 17652",Y,miles
20,Wendy Reyes,054-82-4705,"602 Smith Drives Suite 114
East Dawn, DC 90502",N,miles
21,Jeffrey Clark,466-91-7093,"36986 Nathan Tunnel
Robertsland, MH 19547",Y,miles
22,William Lopez,213-85-2114,"923 Nash Creek
New Philipmouth, NY 14882",Y,miles
23,Justin Harmon,857-27-6249,"46517 Koch Plain
Port Marc, WI 50505",Y,miles
24,Diane Strong,796-50-3557,"52545 Jared Pine Apt. 951
Vargasfurt, PA 35020",Y,hours
25,James Warren,202-77-1929,"3469 William Ports Apt. 883
North Stephanie, AZ 58602",Y,miles
26,Hailey Richardson,852-87-1606,"90622 White Underpass Suite 907
Port Katieview, CT 37244",N,hours
27,Michelle Perez,657-12-6337,"1338 Howard Station
Smithfort, DC 96288",Y,miles
28,Laura Douglas,098-46-4186,"61427 Kevin Plaza Suite 246
Port Marioburgh, PW 52004",Y,miles
29,Jeffrey Fletcher,405-99-3840,"25529 Sanchez Ferry Suite 402
Johnborough, IA 66888",N,hours
30,Elizabeth Vargas,582-51-7824,"68853 Tracey Parkways
North Thomas, IN 18648",Y,hours
31,Danny Leon,630-44-7823,"5751 Christy Extensions
Port Miaport, FL 20072",N,miles
32,Katie Williams,083-16-1814,"5501 Bridget Trail Suite 985
East Richard, PR 48704",Y,hours
33,Brittany Conner,222-30-8329,"995 Moran Tunnel Apt. 774
Port Bradleymouth, NY 21720",N,miles
34,Jacqueline Brown,866-48-9175,"4104 Jean Junctions
Spencerfort, VA 77444",Y,miles
35,Tiffany Lam,898-08-6133,"6422 Jamie Plain Suite 530
Port Jonathanton, ID 67519",Y,hours
36,Tina Olson,489-64-0563,"PSC 5267, Box 0905
APO AA 02076",Y,hours
37,Lonnie Mcintyre,235-10-2477,"6054 Haley Shoals Apt. 101
North Jeffrey, AK 27017",N,miles
38,Robert Espinoza,748-71-5341,"44067 Erin Ranch Apt. 721
Michaelborough, SD 55602",N,hours
39,Lonnie Riley,754-08-5854,"PSC 3796, Box 1011
APO AA 34165",N,hours
40,Andrew Williams,252-51-8241,"868 Gutierrez Terrace Suite 936
West Matthew, OR 23439",N,miles
41,Douglas Lewis,139-74-0370,"050 Robert Burg
East Connie, AR 04541",Y,miles
42,John Knox,446-12-8593,"09713 Joshua Summit Apt. 015
Port Debrahaven, OR 20396",N,hours
43,Lisa Webb,613-20-9024,"2167 David Mills
Gomezburgh, PA 78007",N,miles
44,Brittany Knox,146-82-1734,"68766 Wesley Inlet Apt. 792
West Veronicaland, MS 03892",Y,miles
45,Gerald Burnett,207-05-8402,"628 Cynthia Key
South Jessicaville, VI 13732",N,hours
46,Joshua Evans,309-49-0653,"67784 Larsen Gateway Apt. 670
East Tabitha, CO 09631",N,hours
47,Alyssa Peters,876-29-0993,"005 Molina Pass Apt. 364
Lake Carolynside, WV 18537",Y,hours
48,Monique Dickerson,289-39-9687,"084 Steven Junctions
Campbellton, IA 37084",Y,miles
49,Jennifer Rivera,243-73-3533,"Unit 4823 Box 0247
DPO AP 01345",Y,hours
50,Jamie Wilson,263-12-7161,"74057 Sanchez Orchard
New Eric, LA 59766",Y,hours
51,Dana Meyer,005-81-7275,"698 Andrew Turnpike Apt. 971
South Jessicaside, CA 40195",Y,miles
52,Scott Nelson,167-04-2587,"724 Farmer Crossroad
Christopherfurt, MT 44952",Y,miles
53,Deborah Holden MD,701-88-8334,"8623 Sosa Light
North Michael, MP 49476",Y,miles
54,Diana Gutierrez,282-65-0801,"64143 Rice Spring
Brownmouth, NM 33128",N,miles
55,David Fleming,516-73-7498,"118 Shannon Port
Williamsport, IL 64934",Y,miles
56,Judy Crawford,051-03-9768,"567 Clark Pine
Philliphaven, DC 89276",N,miles
57,Peter Collins,491-70-6990,"26192 Ball Pines Suite 202
Barkertown, TX 33595",Y,miles
58,Frederick Tucker,427-97-1278,"23855 Leah Villages Apt. 343
West Annaburgh, WV 75336",N,hours
59,Tammy Walker,188-99-1333,"Unit 7338 Box 2534
DPO AP 44061",Y,miles
60,Courtney Thomas,785-48-2193,"3524 Melissa Circle
Weissborough, VT 32495",N,miles
61,Daniel Guerrero,349-66-0940,"3174 Olson Neck Suite 531
West Deborah, AZ 79983",N,miles
62,Curtis Zamora,801-16-4940,"0252 Conner Unions
New Joshua, ND 58830",N,hours
63,Mark Clayton,279-08-4345,"5176 Richardson Ramp
South Cherylchester, MI 57650",N,hours
64,Donna Farrell,555-24-7216,"087 Bianca Plains
New Kurtport, TN 32195",Y,hours
65,Kathy Weaver,655-39-4707,"500 Robinson Cliffs Suite 137
Garrisonmouth, AR 37529",Y,hours
66,Tracy Martinez,138-71-1967,"8104 David Oval
Millschester, MN 05442",N,hours
67,Carlos Kennedy,462-29-7753,"984 Kelly Canyon Apt. 026
Port Robinfort, PA 67769",Y,miles
68,Patricia Roberts,055-20-3731,"USNV Walton
FPO AA 55165",Y,miles
69,Terri Davis,669-63-3514,"80271 Mathew Gardens Suite 265
Lake Tracychester, MN 17027",N,miles
70,Amy Kline,797-98-2322,"8640 Reynolds Cove
New Chelsea, NC 18395",N,hours
71,Dominique Lopez,605-45-2726,"5826 Taylor Court
Tiffanymouth, TX 07225",Y,hours
72,James Anderson,330-30-4112,"308 Payne Light Suite 432
Silvaside, MH 30701",Y,miles
73,Timothy Dunn,045-80-8133,"0423 Gonzalez Brooks
Port Jamesmouth, GA 69089",Y,miles
74,Troy Moore,825-94-4825,"31236 Amber Drives Suite 023
Williamsview, MD 35401",N,miles
75,Amy Martin,105-08-8939,"0240 Harding Cliff Suite 803
New Michael, AL 32154",Y,hours
76,Michael Cameron,530-91-6834,"2205 Misty Green
South Jamieborough, ND 46114",N,miles
77,Lindsay Jones,373-07-1120,"995 Katherine Lake Apt. 455
Barberfurt, IL 96134",Y,miles
78,Madison Soto,719-03-7732,"71633 Mindy Locks
Michaelport, CT 54087",Y,hours
79,Peter Mckinney,084-13-2913,"038 Christopher Brook
New Rogerfurt, RI 33731",N,miles
80,Mark Hoover,357-83-9255,"2995 Erickson Trace
New Lisa, WY 51271",Y,miles
81,Glenn Sullivan,020-97-5350,"384 Kelsey Prairie Suite 227
West Kevinview, NM 72797",N,miles
82,Tracy Freeman,505-39-9237,"03888 Patton Landing
Ruizhaven, SD 50887",Y,hours
83,Brandon Dalton,253-97-2504,"060 Nelson Knolls
West Michelle, SC 23946",Y,miles
84,Brenda Gonzalez,253-32-2549,"4613 Lisa Greens Suite 374
Christopherport, IL 91666",Y,miles
85,Kayla Fletcher,276-33-9264,"Unit 6412 Box 5203
DPO AA 54073",N,miles
86,Gerald Frazier,374-81-0451,"8463 Mcdaniel Village
Seanberg, IN 68749",N,hours
87,Leah Reyes,440-98-5335,"6593 Laura Fork Suite 697
West Brian, CA 14168",Y,miles
88,Russell Mcdonald,857-55-8955,"17008 Hannah Street Suite 143
Port Courtney, MP 43677",N,hours
89,Alan Johnson,212-15-9408,"Unit 7111 Box 3056
DPO AE 56605",Y,miles
90,Tonya Johnson,159-18-8891,"14064 Moran Summit Apt. 955
Harrisonmouth, SD 83701",N,miles
91,Vanessa Smith,736-74-0288,"589 Stephanie Flat
Kayleeview, MA 76347",N,hours
92,Jessica Harrison,725-69-9192,"26548 Joseph Vista
Fieldsfurt, CO 66057",Y,miles
93,Richard Walsh,854-88-1452,"899 Hudson Mill
East Johnview, MO 93255",N,hours
94,Rebecca Wilkins,096-12-2140,"660 Richards Alley Apt. 765
Lake Brandy, DE 97416",N,miles
95,Victor Nelson,391-08-2631,"879 Stanley Hollow Apt. 381
Janetmouth, CT 57628",Y,hours
96,Cynthia Clark,280-70-3484,"9730 Stone Cliffs Apt. 713
West Morganburgh, AK 53503",Y,hours
97,Brian Pugh,123-47-5711,"USS Ali
FPO AA 71893",Y,hours
98,Jon Dunlap,712-66-2897,"65393 Hensley Ports Apt. 830
North Debrahaven, MS 05976",Y,miles
99,George Davis,119-30-8299,"28886 Crawford Valleys
Harrisonstad, DC 76354",N,hours
100,Donna Rodriguez,613-07-6498,"85999 Costa Track
Williamsfurt, PR 79266",N,hours
101,Anna Hayes,519-22-6327,"4600 Tina Junctions
South Lauraside, CA 06347",Y,hours
102,Valerie Jordan,012-98-7251,"87379 Derrick Lock
North Kristinmouth, IA 48243",Y,miles
103,Yolanda Anderson,117-88-0259,"6587 Anthony Valleys Suite 837
Ryanburgh, SC 64177",N,miles
104,David Brown,781-45-1859,"19688 Gray Village
Port Davidmouth, DE 63143",N,miles
105,Dakota Gonzales,030-26-1018,"83802 Davis Way
Joelfort, FM 69993",N,miles
106,Michele Neal,356-91-3495,"7315 Laura Estate
Fosterberg, FM 59160",Y,hours
107,Richard Larson,225-90-5261,"3177 Steven Mall Suite 280
Jonesberg, FM 65122",N,miles
108,Karen Roberts,429-75-9502,"0872 Smith Estate
New Jonathan, KS 70775",N,miles
109,Erica Brown,655-44-5087,"649 Patricia Islands
North Matthew, OH 81190",N,miles
